,text,location,id,giai_tri,luu_tru,nha_hang,an_uong,van_chuyen,mua_sam
11274,Một chuyến đi thật tuyệt vời và học được nhiều điều bổ ích và hay ho ở đất nước hiện đại này. Cám ơn Traveloka đã có nhiều khuyến mãi để giúp mình có chuyến đi siêu tiết kiệm.,3_vanchuyen.txt,11326,0,0,0,0,0,0
11275,Xe thoải mái. Đến lúc đêm nhưng lái xe không để khách nghỉ một chút đến sáng. Hơi vất vả.,3_vanchuyen.txt,11327,0,0,0,0,0,0
11276,Thẻ tiện lợi dễ sử dụng và dễ đổi ở sân bay.,3_vanchuyen.txt,11328,0,0,0,0,0,0
11277,"Mình không dùng visa thanh toán mà chọn thanh toán payoo ở cửa hàng tiện lợi. Có mặt trước 30 để đổi vé, hình như ra ngoài đó mua luôn cũng được, đặt trước trên traveloka cũng không tối ưu lắm. Khách được yêu cầu đeo khẩu trang trước khi lên tàu, Buổi sáng tháng 11 nên ngồi bên trái tàu để tránh nắng, có máy lạnh trên tàu, có thể ngồi ở ngoài.",3_vanchuyen.txt,11329,0,0,0,0,0,0
11278,Mua vé của travel phải in ra vé mới được đi tàu.,3_vanchuyen.txt,11330,0,0,0,0,0,0
11279,Mình đi 4 đêm 4 ngày. Lúc mới nhận thẻ chỉ nạp thêm 10 SGD. Vì nghĩ đi không hết. Nhưng không ngờ mình đi bộ đi tàu di chuyển như người bản địa. Nhờ vậy mà đến buổi tối ngày thứ 3 là trong thẻ không đủ tiền đi nữa. Mà giờ nạp thêm vào thẻ thì phải nạp tối thiểu 10 SGD. Mà qua mai mình về rồi thì tiếc. Mà mua vé đi một lần cũng mắc. Các bạn tính trước rồi nạp lần 10 SGD 15 SGD cho đỡ tốn như mình nha.,3_vanchuyen.txt,11331,0,0,0,0,0,0
11280,Chuyến đi khá thoải mái. Xe đến ngay khu trung tâm Sapa.,3_vanchuyen.txt,11332,0,0,0,0,0,0
11281,Xe hơi chật và có mùi ẩm. Lái xe và lơ xe phục vụ tốt.,3_vanchuyen.txt,11333,0,0,0,0,0,0
11282,"Thẻ EZ Link rất tiện lợi. Lấy hành lý xong đi ra ngoài sảnh thấy quầy Changi Recommend để lấy thẻ luôn. Top up 10 đô mà đi 3 ngày mới hết mình đi lại siêu nhiều luôn . Sau đó lại top up thêm 10 đô để đi Sentosa ngày cuối, đến lúc về nước rồi vẫn còn 6 đô.",3_vanchuyen.txt,11334,0,0,0,0,0,0
11283,"Redeem thẻ rất dễ dàng, booth đổi thẻ cũng rất dễ tìm kiếm.",3_vanchuyen.txt,11335,0,0,0,0,0,0
11284,"Dịch vụ hỗ trơ tốt, mình mua vé cabin nhưng vì giờ đi hơi trễ nên đã chuyển chuyến khác cũng tốt.",3_vanchuyen.txt,11336,0,0,0,0,0,0
11285,Trải nghiệm tuyệt vời ở Singapore mọi thứ đều nhanh chóng.,3_vanchuyen.txt,11337,0,0,0,0,0,0
11286,"Thẻ dễ đổi, dùng rất thuận tiện khi đi bus, MRT.",3_vanchuyen.txt,11338,0,0,0,0,0,0
11287,"Trải nghiệm ban đầu tệ khi mang phiếu mua đổi vé thì bị báo hết giờ, phải đổi lịch. 1 vé 15k thì đây là trải nghiệm giá rẻ, nhưng cũng rất vui. Có điều nâng cấp lên, ví dụ thêm ghế bên ngoài, mở quầy bán, nâng cấp ghế ngồi, vé đắt hơn thì tốt.",3_vanchuyen.txt,11339,0,0,0,0,0,0
11288,Tư vấn khách hàng nhiệt tình. Cảm ơn Traveloka và hãng xe!,3_vanchuyen.txt,11340,0,0,0,0,0,0
11289,"Mình thấy đi tàu nhanh, không bị say tàu. Các bạn nhân viên tận tình dễ thương. Tuy nhiên ở ga Vũng Tàu chỗ chờ tàu khá nắng, ít mái che làm trải nghiệm bị kém đi một chút. Mong chú ý thêm về ga tàu.",3_vanchuyen.txt,11341,0,0,0,0,0,0
11290,"Đặt vé xe cabin qua Traveloka là một quyết định sáng suốt, Interbus Lines tự động nhắn tin cho mình và tự in vé, chỉ cần đến đúng giờ trong tin nhắn là có thể lên xe. Xe sắp xếp chỗ cũng hợp lý, lúc đi mình được cabin ở cuối xe nhưng lúc về được cabin ở giữa xe. Do không chụp hình xe nên mình đăng hình quán ăn ngay tại văn phòng của Interbus Lines tại sapa, mình chọn ăn trưa ở đây xong rồi đón xe về. Món phở rất ngon nhé.",3_vanchuyen.txt,11342,0,0,0,0,0,0
11291,"Ghế ngồi không điều chỉnh được , với người dễ say xe thi nằm như vậy rất khó chịu. Không có cửa sổ bên hông nên tạo cảm giác gò bó.",3_vanchuyen.txt,11343,0,0,0,0,0,0
11292,Thẻ tiện lợi để di chuyển bằng các phương tiện công cộng tại Singapore.,3_vanchuyen.txt,11344,0,0,0,0,0,0
11293,chọn giờ đi 20 15 cuối tuần sẽ có cầu rồng phun lửa và nước.. chứ nếu đi vòng vòng thì không có gì hay lắm..khoảng 20 0 mới khởi hành. được 1 chai nước suối nhỏ và đĩa trái cây cho 3 người.,3_vanchuyen.txt,11345,0,0,0,0,0,0
11294,Rất thuận tiện di chuyển! Là người bạn trong chuyến du lịch tự túc của bạn!,3_vanchuyen.txt,11346,0,0,0,0,0,0
11295,"Rất đáng để trải nghiệm, nên đi chuyến Bạch Đằng Thanh Đa nếu không muốn đi khứ hồi 20phút .",3_vanchuyen.txt,11347,0,0,0,0,0,0
11296,bị quên đồ trạm cũ nhưng có nhân viên hỗ trợ tìm kiếm mang về giúp,3_vanchuyen.txt,11348,0,0,0,0,0,0
11297,Nếu bạn đi nhiều và ở 3 ngày nên mua vé trọn gói không giới hạn trong 3 ngày. Nếu đi ít và dài hơn và còn đi lại Singapore nhiều lần nên lựa chọn thẻ EZ Link như đầu tư tiền mở thẻ luôn. Một chặng bạn mất khoảng hơn 1 SGD nên thẻ bạn nạp thêm 10 SGD thì đi thoải mái 5 – 6 ngày. Tiền top up mất phí 80 xu/lần.,3_vanchuyen.txt,11349,0,0,0,0,0,0
11298,Tiện lợi và dễ dàng cho những người mới đến Sing.,3_vanchuyen.txt,11350,0,0,0,0,0,0
11299,"Đi tàu mát, xem được Đà Nẵng buổi đêm. Nên đi lúc 20h15 để xem cầu Rồng phun lửa",3_vanchuyen.txt,11351,0,0,0,0,0,0
11300,Rất đáng trải nghiệm. Đi xế chiều sẽ mát và đẹp hơn.,3_vanchuyen.txt,11352,0,0,0,0,0,0
11301,"Tàu chạy êm, đúng giờ. Có phục vụ nước lọc miễn phí. Nên đi để trải nghiệm.",3_vanchuyen.txt,11353,0,0,0,0,0,0
11302,"Tài xế lịch sự, hỗ trợ đón tại sân bay Nội Bài.",3_vanchuyen.txt,11354,0,0,0,0,0,0
11303,Nhà xe làm việc chuyên nghiệp. Luôn gọi điện hoặc nhắn tin trước một ngày báo khách thời gian ra xe. Suốt chuyến đi có dừng lại 3 – 4 lần cho khách vệ sinh. Đưa trả khách đúng giờ.,3_vanchuyen.txt,11355,0,0,0,0,0,0
11304,"Trải nghiệm thú vị, lần sau có đi Singapore sẽ mua thẻ này để di chuyển.",3_vanchuyen.txt,11356,0,0,0,0,0,0
11305,"Vô cùng tiện lợi, đi tàu điện ngầm tại Sing giá thành hợp lí. Đặc biệt có thể lấy lại tiền sau khi không dùng thẻ nữa nhưng rất hay là vẫn có thể giữ thẻ làm kỉ niệm.",3_vanchuyen.txt,11357,0,0,0,0,0,0
11306,"Sạch, đẹp, quá tiện, hiện đại. Sẽ đi tiếp nếu có dịp.",3_vanchuyen.txt,11358,0,0,0,0,0,0
11307,Mình book vé bên Traveloka đã chuyển tiền và có mã đổi vé nhưng bên saigonbus gọi điện báo đã hết vé và kêu mình liên hệ Traveloka để giải quyết vì đã phản hồi tình trạng hết vé cho bên đại lý từ ngày hôm trước. Mình có liên hệ lại Traveloka nhưng không nhận được phản hồi.,3_vanchuyen.txt,11359,0,0,0,0,0,0
11308,Trời mua tầm tả nên không đi tham quan trên sông được mà tiền lại bị thu trước không hoàn đổi được nên rất buồn.,3_vanchuyen.txt,11360,0,0,0,0,0,0
11309,Chỗ lấy thẻ nếu không chú ý từ đầu sẽ dễ bị lỡ.,3_vanchuyen.txt,11361,0,0,0,0,0,0
11310,"Nhân viên thân thiện, nhiệt tình. mọi thứ hoàn hảo. Mua được sale giá khá hời.",3_vanchuyen.txt,11362,0,0,0,0,0,0
11311,Thư giãn trên sông và ngắm cảnh thành phố từ đường sông Sài Gòn trên buýt đường sông.,3_vanchuyen.txt,11363,0,0,0,0,0,0
11312,Ra khỏi sân bay là thấy quầy đổi thẻ. Nhanh gọn lẹ.,3_vanchuyen.txt,11364,0,0,0,0,0,0
11313,"Xe sạch sẽ nhưng bí, chật. Lần sau sẽ đi Limousine!",3_vanchuyen.txt,11365,0,0,0,0,0,0
11314,"Xe hơi ồn vì máy thông báo tự động nói liên tục, đang ngủ là cứ bật quả ng cáo về dòng xe của họ, rất mệt, xe gầm thấp, chỗ nằm rộng nhưng chiều dài ngắn, chân mình phải thu lại.",3_vanchuyen.txt,11366,0,0,0,0,0,0
11315,Tiện lợi. Quầy nằm ngay vừa ra khỏi cửa sân bay.,3_vanchuyen.txt,11367,0,0,0,0,0,0
11316,Xe đẹp. Nhân viên dễ thương. Không gian riêng tư dành cho 2 người.,3_vanchuyen.txt,11368,0,0,0,0,0,0
11317,"Chuyến đi rất tuyệt vời, mọi thứ đều đúng với mô tả",3_vanchuyen.txt,11369,0,0,0,0,0,0
11318,"SIM dùng tốt, mình ít nghe gọi, chỉ dùng mạng 4G.",3_vanchuyen.txt,11370,0,0,0,0,0,0
11319,Thẻ hoạt động rất tốt. Có sẵn 5 SGD trong thẻ khi nhận được ở quầy Changi Recomend. Quầy ở ngay lối ra ở Terminal 2 mình đến. Chỉ cần quét mã là nhận được. Sau đó mình nạp thêm 10 SGD rồi thêm 10 SGD nữa mà rốt cuộc dư hơn 7 SGD. Bạn nào có lịch trình đi Singapore 4N3Đ mà đi nhiều lắm như mình thì nên nạp thêm 15 SGD. Là tổng cộng 20 SGD cho chuyến đi nhe.,3_vanchuyen.txt,11371,0,0,0,0,0,0
11320,"Tầng trên thấp nên bị đụng đầu hoài, 2 giường nhưng lại chỉ có 1 cái mền, lạnh thật sự.",3_vanchuyen.txt,11372,0,0,0,0,0,0
11321,Mỗi hàng ghế có 3 ghế ngồi mà chỉ có 2 áo phao.,3_vanchuyen.txt,11373,0,0,0,0,0,0
11322,Mọi điều vô cùng thú vị. Ngay từ lúc bắt đầu nhận được EZ Link card từ khi đặt chân đến Changi. Tôi thực hiện trải nghiệm của mình thuận tiện.,3_vanchuyen.txt,11374,0,0,0,0,0,0
11323,"Đổi vé dễ nhé mọi người, nên nạp thêm SGD 10 20 tuỳ nhu cầu các bạn.",3_vanchuyen.txt,11375,0,0,0,0,0,0
11324,"Thẻ lấy nhanh, sử dụng tốt không gặp vấn đề gì.",3_vanchuyen.txt,11376,0,0,0,0,0,0
11325,Tiện lợi. Đi được tàu điện ngầm. Có thể thêm tiền vào thẻ tại trạm tàu điện ngầm hoặc các cửa hàng tiện lợi. Đổi thẻ tại cổng ga số 1.,3_vanchuyen.txt,11377,0,0,0,0,0,0
11326,Tất cả đều ổn trừ việc xe đi hơi sớm nên phải tập trung sớm hơn.,3_vanchuyen.txt,11378,0,0,0,0,0,0
11327,"Thẻ rất dễ dùng, chỉ cần thêm 20 SGD đã đủ đi khắp đất nước Singapore xinh đẹp rồi, lúc mình đi về còn tiền thừa vẫn ra quầy rút được tiền ra để tiêu nhé, cực kì tiện lợi ạ.",3_vanchuyen.txt,11379,0,0,0,0,0,0
11328,"Traveloka không cập nhập tình trạng vé, vé đã hết nhưng vẫn mở bán trên traveloka. Các bạn nhân viên bên quá terbus đã rất nỗ lực hỗ trợ cho mình. Dịch vụ và nhân viên của quá terbus rất tốt!",3_vanchuyen.txt,11380,0,0,0,0,0,0
11329,"Chiều đi được cabin rất đẹp ổn, nhiều địa điểm đón. chiều về là giường đôi bình thường xếp gối đầu. xe đi chiều về rất xóc nên say.",3_vanchuyen.txt,11381,0,0,0,0,0,0
11330,"Nên mua thẻ 20 SGD đi cho thoải mái, nếu mọi người sử dụng MRT di chuyển là chủ yếu.",3_vanchuyen.txt,11382,0,0,0,0,0,0
11331,Thẻ dùng rất tiện. Nạp thêm 20 SGD là có thể vivu khắp thành phố. Trải nghiệm tuyệt vời. Đi MRT rất dễ.,3_vanchuyen.txt,11383,0,0,0,0,0,0
11332,"Trải nghiệm mới lạ tại Đà Nẵng, được 1 người bạn ở Đà Nẵng giới thiệu. Thật sự thú vị. Tôi cũng khuyên bạn Nếu đi vào thứ bảy hay chủ nhật, nên chọn khung giờ rồng phun lửa 21h 21h15 Kinh nghiệm là nên checkin trước từ 30 phút, vừa có thời gian chụp ảnh mà lại có thời gian chuẩn bị các thủ tục hải quan lên tàu.",3_vanchuyen.txt,11384,0,0,0,0,0,0
11333,"Một mã thẻ bị lỗi và không tồn tại nên không thể đổi được thẻ và phải tốn thêm 10 SGD để mua thẻ mới, rắc rối mà xong phí tiền.",3_vanchuyen.txt,11385,0,0,0,0,0,0
11334,"Hơi ồn, hơi nóng do không gió không máy lạnh và trời âm u, không là quá tuyệt vời rồi.",3_vanchuyen.txt,11386,0,0,0,0,0,0
11335,Chúng tôi đã có những trải nghiệm rất tuyệt vời! Cảm ơn Traveloka!,3_vanchuyen.txt,11387,0,0,0,0,0,0
11336,Xe hẹn xuất phát lúc 1 0 mà tới 2 15 mới chạy. Chờ đợi không phải là hạnh phúc lắm đâu.,3_vanchuyen.txt,11388,0,0,0,0,0,0
11337,Mình bị f1 không đi được nhưng được hoàn tiền. Ok.,3_vanchuyen.txt,11389,0,0,0,0,0,0
11338,Đi 1 lần cho biết chứ cũng không có gì đặc sắc.,3_vanchuyen.txt,11390,0,0,0,0,0,0
11339,"Nhiều trải nghiệm tốt, xe êm, nhân viên tài xế và lấy vé đều dễ thương.",3_vanchuyen.txt,11391,0,0,0,0,0,0
11340,"Tuyệt vời, tàu chạy êm, phục vụ bánh và nước ngọt miễn phí trên tàu.",3_vanchuyen.txt,11392,0,0,0,0,0,0
11341,"Có thẻ EZ Link trong tay có thể đi khắp Singapore. Di chuyển tiện lợi dễ dàng, tàu điện ngầm sạch sẽ và nhanh chóng. Chờ khoảng 2 đến 3 phút sẽ có 1 chuyến tàu. Bản đồ hướng dẫn đi MRT cũng rất dễ hiểu.",3_vanchuyen.txt,11393,0,0,0,0,0,0
11342,"Thẻ sử dụng dễ và tiện, rất thích hợp để đi du lịch tự túc.",3_vanchuyen.txt,11394,0,0,0,0,0,0
11343,Nhìn chung trải nghiệm đi bằng tàu cao tốc tới Vũng Tàu cũng khá thú vị so với đi xe máy hoặc xe khách bình thường. Nhìn chung khá thú vị và đáng để trải nghiệm thử.,3_vanchuyen.txt,11395,0,0,0,0,0,0
11344,"Trong thẻ có sẵn 5 SGD, mình chỉ cần nạp thêm 10 SGD nữa là đi thoải mái 3 ngày.",3_vanchuyen.txt,11396,0,0,0,0,0,0
11345,"Xe đi êm, dễ chịu, không say. Thủ tục nhanh gọn. Bác tài chỉ gọi xác nhận trước giờ đón 15 phút thôi, nên khi chờ hơi lo.",3_vanchuyen.txt,11397,0,0,0,0,0,0
11346,"Nhanh, gọn lẹ, thẻ đẹp, chỉ cần in bản cứng rồi đưa cho quầy để lấy thẻ, họ sẽ đề nghị giữ lại mã code đã in ra.",3_vanchuyen.txt,11398,0,0,0,0,0,0
11347,"Lúc mua vé có ghi rõ lên xuống bất kì bến nào giờ nào, chỉ cần đến trước giờ khởi hành 30 phút để đổi vé và tiến hành đặt thì traveloka có yêu cầu ghi rõ điểm lên và giờ tuy nhiên lúc đổi vé bạn nhân viên bảo vé này là vé lên và xuống tại điểm cuối, bạn ấy vẫn hỗ trợ cho mình chọn vì mình đến sớm và còn vé. Nếu đến muộn không biết có được vé như lúc ghi chú ko. Traveloka xem lại quá trình đặt vé nhé.",3_vanchuyen.txt,11399,0,0,0,0,0,0
11348,"Nnằm trong cabin nóng, điều hoát bật nhưng không mát chút nào, rất nhiều khách cùng chuyến đi phàn nàn về việc nóng toát mồ hôi mà điều hoà bật như không. Không có tai nghe, khăn ướt như mục hiện trên phần chi tiết khi đặt xe. 2 cổng sạc trong cabin đều không dùng được. Nói chung dịch vụ ở mức bình thường.",3_vanchuyen.txt,11400,0,0,0,0,0,0
11349,Đặt vé combo 2 giường đơn nhưng lúc check in thì là 1 giường đơn. Chờ xử lý mãi mới thành 2 giường.,3_vanchuyen.txt,11401,0,0,0,0,0,0
11350,Rất ấn tượng với MRT ở Singapore. Thẻ EZ Link dùng rất tiện để đi tàu điện MRT.,3_vanchuyen.txt,11402,0,0,0,0,0,0
11351,"Ra khỏi cửa hải quan đi thẳng ra ngoài là có thể nhận được thẻ ở quầy như hướng dẫn, có thể nạp tiền ở quầy trước khi vào MRT, rất đơn giản và tiện lợi.",3_vanchuyen.txt,11403,0,0,0,0,0,0
11352,Nhận thẻ nhanh chóng. Thẻ dùng được cho cả MRT và xe buýt.,3_vanchuyen.txt,11404,0,0,0,0,0,0
11353,"Mình rất hài lòng khi sử dụng dịch vụ tại Du thuyền Mỹ Xuân. Không gian trên tàu thoáng, đẹp, có chỗ check in. Nước uống ngon, giá cả hợp lý.",3_vanchuyen.txt,11405,0,0,0,0,0,0
11354,Ez link card rất dễ sử dụng. Top up ngay tại sân bay Changi để sử dụng các phương tiện công cộng một cách dễ dàng.,3_vanchuyen.txt,11406,0,0,0,0,0,0
11355,"Thẻ rất tiện lợi trong việc di chuyển tham quan Singapore bằng xe bus, tàu điện, chỉ việc nạp tiền và đi bất cứ nơi đâu bạn muốn.",3_vanchuyen.txt,11407,0,0,0,0,0,0
11356,"Gia đình tôi đã có chuyến trải nghiệm thú vị trên sông Hàn. Tôi đặt giờ từ 20 0 – 21 15 vào Thứ bảy. Đúng khung giờ Cầu Rồng phun lửa, phun nước. Đứng giữa sông xem toàn cảnh Cầu Rồng mới thấy được vẻ đẹp của nó. Ai đi Đà Nẵng thì nên trải nghiệm. Các thành viên trên thuyền rất dễ thương, gần gũi. Có nước và trái cây miễn phí cho khách.",3_vanchuyen.txt,11408,0,0,0,0,0,0
11357,"Lúc đầu mua vé giường đơn, dù đã nâng cấp lên giường đôi nhưng khi lên xe mới biết xe toàn giường đôi.",3_vanchuyen.txt,11409,0,0,0,0,0,0
11358,"Thoải mái, đúng giờ. Lúc đi mình có book hạng C nhưng bị nhầm sang hạng thường và khi phát hiện ra đã được nhân viên đổi qua cabin đôi siêu chất lượng.",3_vanchuyen.txt,11410,0,0,0,0,0,0
11359,"Xe đi hơi xóc, nằm cũng bình thường không quá thoả mái.",3_vanchuyen.txt,11411,0,0,0,0,0,0
11360,Vui và tốt. Hy vọng sẽ quay trở lại và thăm quan được nhiều hơn.,3_vanchuyen.txt,11412,0,0,0,0,0,0
11361,"7 tiếng ngồi xe kinh khủng. Chật chội. Nhân viên không thân thiện cho lắm. Chú lái xe thì dễ thương. Còn tuỳ nhân viên văn phòng, lấy vé thật sự khó chịu với nhà mình. Sẽ không bao giờ đặt vé qua Traveloka để bị đổi xử như vậy. Bị nhồi nhét dưới xe và phải vật vã lắm mới qua nổi 7 tiếng khủng khiếp!",3_vanchuyen.txt,11413,0,0,0,0,0,0
11362,Đi 1 mình nhưng nhờ có thẻ này nên không sợ lạc gì hết.,3_vanchuyen.txt,11414,0,0,0,0,0,0
11363,"Xe sạch sẽ, chạy êm, chọn trạm dừng cũng rất ổn.",3_vanchuyen.txt,11415,0,0,0,0,0,0
11364,Combo tuyệt vời! Lần sau đi nhất định tôi sẽ tiếp tục đặt trên Traveloka!,3_vanchuyen.txt,11416,0,0,0,0,0,0
11365,Ok lắm. Đổi gió hóng mát thay vì chạy xe máy,3_vanchuyen.txt,11417,0,0,0,0,0,0
11366,Trải nghiệm tuyệt vời trên sông Hàn. Thực sự rất đẹp. Cảm ơn Traveloka để mình có trải nghiệm tuyệt vời với giá cả yêu thương.,3_vanchuyen.txt,11418,0,0,0,0,0,0
11367,"MRT tuyệt vời, nhanh, đẹp, có dịp tôi sẽ đặt lại dịch vụ này.",3_vanchuyen.txt,11419,0,0,0,0,0,0
11368,"Nếu đi Sapa từ Hà Nội lần nữa tôi sẽ chọn InterBusLines nhưng nghĩ sẽ chọn giờ buổi sáng sớm đi sẽ thuận tiện hơn là đi giờ trưa, vì mãi đến 21 00 mới đến.",3_vanchuyen.txt,11420,0,0,0,0,0,0
11369,Rất tiện lợi và dễ dàng. Đổi ngay tại Terminal 2.,3_vanchuyen.txt,11421,0,0,0,0,0,0
11370,"Cảnh đẹp, tổ chức hơi lộn xộn, chưa có tiện ích ở bến dừng",3_vanchuyen.txt,11422,0,0,0,0,0,0
11371,Dễ dùng. Xài OK. Mọi thứ đều như quả ng cáo.,3_vanchuyen.txt,11423,0,0,0,0,0,0
11372,Mình chọn tàu Mỹ Xuân để đi ngắm sông Hàn cùng gia đình. Chuyến du ngoạn cực kì hoàn hảo vỉ các bạn rất thân thiện và nhiệt tình phục vụ. Sẽ đặc biệt giới thiệu cho bạn bè.,3_vanchuyen.txt,11424,0,0,0,0,0,0
11373,Thẻ EZ link rất thuận tiện để đi lại bằng các phương tiện công cộng ở đây và giá lại rẻ hơn so với mua vé trực tiếp. Mình đặt mua vé qua Traveloka và xuất trình hoá đơn cho nhân viên quầy và được cấp thẻ ngay lập tức khi đến Changi.,3_vanchuyen.txt,11425,0,0,0,0,0,0
11374,"Cabin xinh, riêng tư, tuy nhiên chỉ có 1 chăn cho 2 người nên hơi nhỏ. Mình có để quên ví trên xe. Rất mang bác tài xế nhặt được và mình đã lấy lại được.",3_vanchuyen.txt,11426,0,0,0,0,0,0
11375,Ưu điểm là giá thành hợp lý và thuận tiện. Nhược điểm là chất lượng xe không được ưng ý.,3_vanchuyen.txt,11427,0,0,0,0,0,0
11376,"Sản phẩm tiện lợi, dễ lấy khi vừa đáp xuống sân bay, dễ nạp tiền và di chuyển được bằng nhiều phương tiện.",3_vanchuyen.txt,11428,0,0,0,0,0,0
11377,"Một chuyến du thuyền nên đi khi đến Đà nẵng . Nên đi chuyến 20 0 – 21 15, Thứ bảy hoặc Chủ nhật để xem Cầu Rồng phun mưa và lửa. Nhờ Traveloka mà mua được giá rẻ. Nhân viên du thuyền Mỹ Xuân nhiệt tình. Vé 100.000 VND mà được 1 dĩa trái cây cho mỗi bàn.",3_vanchuyen.txt,11429,0,0,0,0,0,0
11378,Mua thẻ EZ Link trên Traveloka vừa rẻ hơn mua trực tiếp tại các quầy MRT Station và rất hữu ích cho chuyến đi Singapore của nhà mình.,3_vanchuyen.txt,11430,0,0,0,0,0,0
11379,"Chuyến đi rất tốt, so với thời tiết thì không lạnh như mình nghĩ.",3_vanchuyen.txt,11431,0,0,0,0,0,0
11380,Rất tốt. Tuy nhiên chỉ có 1 cửa hàng trong sân bay hoạt động đến 14 00.,3_vanchuyen.txt,11432,0,0,0,0,0,0
11381,Nhà xe ở Hà Nội quá xa sân bay nên hơi bất tiện khi mình phải tới nhà xe để in vé còn lại thì khá hài lòng với dịch vụ.,3_vanchuyen.txt,11433,0,0,0,0,0,0
11382,Nhân viên hỗ trợ nhiệt tình. Thuyền xuất bến đúng giờ. Dịch vụ tốt có đầy đủ nước và trái cây,3_vanchuyen.txt,11434,0,0,0,0,0,0
11383,"Giường đôi khá rộng rãi, xe có hệ thống âm thanh tự động khá hay nhưng hơi ồn ào 1 tẹo.",3_vanchuyen.txt,11435,0,0,0,0,0,0
11384,"dịch vụ ok nha, có nhân viên gọi điện nhắc nhở hướng dẫn nè",3_vanchuyen.txt,11436,0,0,0,0,0,0
11385,Mình đặt 23 vé người lớn và thanh toán đầy đủ. Khi nhận mã mình có thấy mail thành công rồi. Nhưng khi ra quầy Recommend Changi thì kiểm tra Traveloka chỉ gửi cho mình 16 vé pdf nhưng vẫn tính tiền và hiển thị 23 vé. Mình không còn cách nào khác phải bỏ tiền mua thêm 8 thẻ mới. Kể cả mình và nhân viên đều không biết liên hệ qua kênh nào để giải quyết. Thật là một trải nghiệm đáng tệ khi mới tới Singapore. Chưa chơi đã buồn.,3_vanchuyen.txt,11437,0,0,0,0,0,0
11386,Xe đi thì tốt. Xe về thì hơi cũ và nóng.,3_vanchuyen.txt,11438,0,0,0,0,0,0
11387,"Quầy đổi vé ngay đối diện Paris Baguette, vừa ra cửa lấy hành lý rẽ phải là tới. Bạn đổi voucher rất nhiệt tình.",3_vanchuyen.txt,11439,0,0,0,0,0,0
11388,Tôi rất vui. Chuyến đi này mang lại nhiều kỷ niệm.,3_vanchuyen.txt,11440,0,0,0,0,0,0
11389,"Xe hỏng xạc USB. Hỏi tài xế thì kêu không biết. Nằm trúng giường A9, B9 bị cao hơn so với các giường khác. Còn lại ổn.",3_vanchuyen.txt,11441,0,0,0,0,0,0
11390,Rất nhanh chóng và thuận tiện! Thậm chí bạn có thể nạp thêm tiền ngay tại quầy để di chuyển được nhiều hơn.,3_vanchuyen.txt,11442,0,0,0,0,0,0
11391,Một chuyến khá thú vị. Sẽ tiếp tục sử dụng Traveloka nếu như có nhiều ưu đãi.,3_vanchuyen.txt,11443,0,0,0,0,0,0
11392,"Phụ xe với lái xe nói chuyện như thể khách cần nhà xe lắm, như ngoài chợ. 04 00 xe tới Sapa lại không thông báo cho khách là 05 0 mới được xuống xe. Khách lại hỏi thì mới nói kiểu xồn xồn lên.",3_vanchuyen.txt,11444,0,0,0,0,0,0
11393,"Vé sử dụng OK, thuận tiện và rẻ hơn so với mua trực tiếp.",3_vanchuyen.txt,11445,0,0,0,0,0,0
11394,Traveloka gửi vé điện tử có xác nhận không cần in vé nhưng sau khi mình xếp hàng chờ thì phải quay ngược vào quầy vé để xuất vé thường,3_vanchuyen.txt,11446,0,0,0,0,0,0
11395,Great. Phòng hơi nhỏ cho 2 người nhưng cũng khá ổn.,3_vanchuyen.txt,11447,0,0,0,0,0,0
11396,"Rất tiện, lấy thẻ ngay trước cửa của sân bay có quầy Changi Recommend, nạp thêm 5 SGD là đủ dùng, mình cứ sợ đi nhiều nạp hẳn 10 SGD giờ thừa một nửa.",3_vanchuyen.txt,11448,0,0,0,0,0,0
11397,Mọi thứ tạm ổn nhưng không được đi ra trạm nên thấy hơi chán,3_vanchuyen.txt,11449,0,0,0,0,0,0
11398,Nên mua thẻ EZ Link để tiết kiệm chi phí nên nạp thêm 10 SGD để phục vụ việc di chuyển.,3_vanchuyen.txt,11450,0,0,0,0,0,0
11399,"Thẻ dễ sử dụng, tiện lợi, chi phí khá rẻ. Tuy nhiên hướng dẫn nơi lấy thẻ chưa cụ thể lắm nên đi tìm khá khó khăn.",3_vanchuyen.txt,11451,0,0,0,0,0,0
11400,30k được vậy cũng ok mà nên ít khách lại chút để có ghế thường mọi người đi đôi mà ghế trên tàu là ghế 3 nên một vài đôi phải ngồi trên dưới cứ kì kì với không gian chụp ảnh sống ảo,3_vanchuyen.txt,11452,0,0,0,0,0,0
11401,"Không có rèm che nắng, xe chiều về nắng chiếu hết cả nóng lắm ạ. Nhà xe nên lắp thêm rèm .",3_vanchuyen.txt,11453,0,0,0,0,0,0
11402,Thẻ nhận dễ dàng nhanh chóng ngay gần khu vực check out tại sân bay. Cảm ơn traveloka.,3_vanchuyen.txt,11454,0,0,0,0,0,0
11403,"Ngoài đi xe buýt, tàu điện ngầm, thẻ còn có thể thanh toán được một số cửa hàng ăn uống, mua sắm, và máy bán hàng tự động nữa.",3_vanchuyen.txt,11455,0,0,0,0,0,0
11404,"Lựa chọn việc thuê xe của nơi này rất hợp lí lun, nhân viên siêu nhiệt tình và giá lại rẻ hơn so với thuê tại khách sạn nữa. Bạn nhớ cài WhatsApp và chủ động liên hệ với họ nhé.",3_vanchuyen.txt,11456,0,0,0,0,0,0
11405,"Tàu sạch sẽ chạy đúng giờ, lên xuống có người hướng dẫn. Tàu chạy gần 1 giờ đi qua các trạm nhưng không có một lời giới thiệu, khách chả biết tàu đang ở đâu.",3_vanchuyen.txt,11457,0,0,0,0,0,0
11406,"Chuyến đi từ Hà Nội đến Sapa thì dịch vụ đáp ứng tốt hình ảnh và chỗ nằm đúng thông tin và bến đỗ xuống trạm rõ ràng. Chuyến từ Sapa về Hà Nội thì khách hàng bị dồn xe không đúng dịch vụ đăng ký gây sự không thoải mái cho khách hàng và khi đến Hà Nội thì bỏ ở trạm giữa đường trời đang mưa gây sự bất tiện cho khách hàng, khách hàng trả tiền nhưng không nhận đúng dịch vụ",3_vanchuyen.txt,11458,0,0,0,0,0,0
11407,"Xe đến muộn 15 phút, chạy rất nhanh nên khó tham quan và chụp ảnh.",3_vanchuyen.txt,11459,0,0,0,0,0,0
11408,Có thể lấy dễ dàng ở quầy Changi Recommended. Được top up sẵn 5 SGD. Nên nạp thêm vì 5 SGD là không đủ để bạn di chuyển trong vòng 2 3 ngày.,3_vanchuyen.txt,11460,0,0,0,0,0,0
11409,"Nhà xe đặt nhầm 1 giường, may sau đó xếp lại được.",3_vanchuyen.txt,11461,0,0,0,0,0,0
11410,Trải nghiệm thú vị. Trên tàu cũng khá sạch sẽ. Nhân viên thân thiện. Rất hài lòng!,3_vanchuyen.txt,11462,0,0,0,0,0,0
11411,"Nhận thẻ dễ dàng, ngay cầu thang xuống Immigration nhà ga T1, có quầy để đổi thẻ, không cần phải ra ngoài.",3_vanchuyen.txt,11463,0,0,0,0,0,0
11412,Dễ dàng đổi tại quầy ở sân bay. Top up thêm 10 SGD là đi lại thoải mái trong 3 – 4 ngày. Mình mua 5 thẻ. Phí top up khi nhận thẻ là 0.8 SGD/thẻ. Lưu ý mỗi lần top up phải là bội của 10 SGD.,3_vanchuyen.txt,11464,0,0,0,0,0,0
11413,"Trải nghiệm thú vị trên chuyến tàu tham quan trên sông Sài Gòn. Mình đi chuyến buổi chiều 17h30 có thể chụp hình ánh sáng ngày quang cảnh đẹp và chuyến về là 18h quay về lại bến Bạch Đằng trong bầu trời vừa sụp tối, và sau khi các toà nhà Landmark lên đèn trong rất tuyệt.",3_vanchuyen.txt,11465,0,0,0,0,0,0
11414,"Biết cách đi MRT sẽ rất thuận tiện trong việc di chuyển. Bạn có thể gặp lúng túng 1 – 2 lần đầu, tự trải nghiệm đi 2 – 3 lần là thành thạo bởi Singapore có bảng chỉ dẫn rất chi tiết hoặc b có thể hỏi nhân viên để hướng dẫn cũng dễ đi.",3_vanchuyen.txt,11466,0,0,0,0,0,0
11415,"Số ghế không đúng, nhân viên không phát nước như chuyến Hà Nội Sapa. Nhân viên không thân thiện.",3_vanchuyen.txt,11467,0,0,0,0,0,0
11416,Thẻ dùng tiện lợi. Nên nạp thêm 10 SGD cho chuyến đi 3 đến 4 ngày.,3_vanchuyen.txt,11468,0,0,0,0,0,0
11417,"Xe chạy chênh lệch khoảng 15 phút so với giờ ban đầu. Xe chạy êm. Giường hơi nhỏ, hơi ngắn nếu cao hơn 1,8 mét, không nên chọn ví trí hàng đầu nhé.",3_vanchuyen.txt,11469,0,0,0,0,0,0
11418,"Xe chạy đúng giờ, trang thiết bị còn mới và hiện đại.",3_vanchuyen.txt,11470,0,0,0,0,0,0
11419,Tôi có một chuyến đi thuận lợi nhờ Traveloka. Trải nghiệm rất tốt!,3_vanchuyen.txt,11471,0,0,0,0,0,0
11420,"Nhận thẻ dễ dàng tại quầy đổi thẻ tại sân bay, trong thẻ có sẵn 5 SGD đủ đi trong 1 2 ngày nếu bạn không di chuyển hiều, top up dễ dàng tại các ga. Rẻ hơn rất nhiều so với mua vé từng chặng. Thả !",3_vanchuyen.txt,11472,0,0,0,0,0,0
11421,Xe sạch sẽ chạy êm an toàn. Đổi vé nhanh thuận tiện.,3_vanchuyen.txt,11473,0,0,0,0,0,0
11422,"Thuận lợi cho bạn nào thích du lịch bằng cách đi bộ như người bản địa để ngắm cảnh, thưởng thức các món ăn của Singapore.",3_vanchuyen.txt,11474,0,0,0,0,0,0
11423,"Chuyến đi tuyệt vời, chúng tôi đã có những trải nghiệm vui vẻ.",3_vanchuyen.txt,11475,0,0,0,0,0,0
11424,"Dịch vụ OK nhé, có điều Interbus có 1 tài xế thôi, không có phụ lái. Tuy nhiên bác tài dễ thương, đi dọc đường mệt thì dừng lại ngủ 1 chút rồi mới đi.",3_vanchuyen.txt,11476,0,0,0,0,0,0
11425,"Xe sạch, bác tài lịch sự. Phù hợp với các bạn nhỏ con hoặc ôm nhau ngủ. Mình đi với bạn nên nằm hơi chật xíu.",3_vanchuyen.txt,11477,0,0,0,0,0,0
11426,"Traveloka nhớ nhắc khách nhận thẻ ở quầy Changi Recommendation tầng 1 của Terminal 2, gần quầy thông tin nha. Trên voucher không ghi rõ chỗ lấy làm mình đi hỏi tùm lum ở sân bay í. Ez link vô cùng tiện lợi, nạp thêm 20 SGD đi khắp nơi thoải mái.",3_vanchuyen.txt,11478,0,0,0,0,0,0
11427,"Thẻ này rất tiện lợi. Đi MRT, xe buýt thoải mái. Rất dễ sử dụng, nhanh chóng, hiệu quả .",3_vanchuyen.txt,11479,0,0,0,0,0,0
11428,"Nhận thẻ nhanh chóng, tụi mình đã có chuyến đi rất vui.",3_vanchuyen.txt,11480,0,0,0,0,0,0
11429,"Xe chạy rất êm, 2 người nằm thoải mái. Lưu ý bất kỳ đồ ăn thức uống không được phép mang lên xe.",3_vanchuyen.txt,11481,0,0,0,0,0,0
11430,"Đổi và sử dụng thẻ rất tiện lợi. Mua thẻ xong có sẵn 5 SGD trong thẻ. Di chuyển bằng MRT rất tiện, nhanh và rẻ. Mình và nhóm bạn ở Singapore 4 ngày, dùng thẻ EZ Link để quẹt đi MRT hết khoảng 10 12 SGD/người, bao gồm cả 2 chiều đi và về từ sân bay Changi, đi chơi xung quanh thành phố.",3_vanchuyen.txt,11482,0,0,0,0,0,0
11431,"Sợ nắng, làm biếng lái xe máy tốt nhất nên đi tàu cao tốc cho nhanh. Êm, thoải mái, rộng rãi, chạy rất nhanh.",3_vanchuyen.txt,11483,0,0,0,0,0,0
11432,"Thẻ đã có 5 SGD bên trong, vừa có thể đi bus vừa đi được MRT, nạp tiền dễ dàng và xài cũng rất tiện. Cực kì phù hợp cho các chuyến đi tự túc quanh Singapore và tiết kiệm chi phí.",3_vanchuyen.txt,11484,0,0,0,0,0,0
11433,"Rất tiện, dễ dàng lấy thẻ khi đến sân bay. Giá rẻ hơn so với việc mua trực tiếp tại sân bay.",3_vanchuyen.txt,11485,0,0,0,0,0,0
11434,"Tiện lợi khi đặt trên traveloka. Đến bãi có bãi giữ xe, nhân viên đưa đến thuyền không cần xếp hàng luôn. Giá gồm 1 chai nước, trái cây và 45p du thuyền.",3_vanchuyen.txt,11486,0,0,0,0,0,0
11435,Đã đặt vé trên tra về lịa nhưng đến khí ra bến thì bên saigon quá terbus bảo không nhận được vé bên tra ELO ks gửi cho mình. Liên hệ tra về lập không được. Chất lượng tệ,3_vanchuyen.txt,11487,0,0,0,0,0,0
11436,"Nhiệt tình, chuyên nghiệp, lần sau sẽ tiếp tục sử dụng dịch vụ.",3_vanchuyen.txt,11488,0,0,0,0,0,0
11437,Xe nằm nên đi lắc vừa lên đã say. Đi ghế đôi sẽ thoải mái hơn cho các bạn say xe.,3_vanchuyen.txt,11489,0,0,0,0,0,0
11438,"Traveloka không cập nhập tình trạng vé, vé đã hết nhưng vẫn mở bán. Rất may các bạn nhân viên đã nhiệt tình hỗ trợ mình. Dịch vụ và nhân viên của quá terbus rất tốt, giá quá rẻ cho một chuyến đi",3_vanchuyen.txt,11490,0,0,0,0,0,0
11439,"Trải nghiệm quá terbus thật sự tuyệt, ngắm SG trên sông, giá vé vô cùng hợp lý. Được cái thời tiết bữa sáng hôm đó mát mẻ, ít nắng nên thoải mái.",3_vanchuyen.txt,11491,0,0,0,0,0,0
11440,Xe rất êm rộng rãi sạch sẽ thoải mái. Lại có rèm nữa rất riêng tư và ấm áp ạ.,3_vanchuyen.txt,11492,0,0,0,0,0,0
11441,"Dùng mã qr gửi về mail nhân viên soát vé không quét được, phải đi đổi vé giấy",3_vanchuyen.txt,11493,0,0,0,0,0,0
11442,Nên dùng thẻ để trải nghiệm phương tiện công cộng rất thuận tiện tại Singapore.,3_vanchuyen.txt,11494,0,0,0,0,0,0
11443,Đợi thuyền đi rất lâu. Hẹn 08 15 chạy mà tới tận 08 45 tàu mới bắt đầu khởi động. Chuyến đi du ngoạn chiếm cỡ 20 phút.,3_vanchuyen.txt,11495,0,0,0,0,0,0
11444,Phục vụ chu đáo vui vẻ giúp tôi có kỳ nghỉ cùng gia đình thích thú.,3_vanchuyen.txt,11496,0,0,0,0,0,0
11445,Nhận thẻ rất nhanh nhưng khi nhân viên hỏi có cần top up không thì mình khuyên các bạn nói không vì bị tính thuế và phải qua quầy khác gần đó mới có máy top up.,3_vanchuyen.txt,11497,0,0,0,0,0,0
11446,"Điểm cộng Quầy dễ tìm, thẻ đẹp, sử dụng thuận tiện. Điểm trừ lấy thẻ bên trong sảnh đến nhưng phải ra ngoài mới nạp thêm tiền được. Mình nạp thêm ít nhất 10 SGD và bị tính thêm phí.",3_vanchuyen.txt,11498,0,0,0,0,0,0
11447,"Nhân viên phục vụ tại Bến Bạch Đằng cần Vui vẻ, năng động, lịch thiệp Nhà vệ sinh cần phải lịch sự, thơm tho. Nhà vệ sinh ở Bến Linh Đông quá sơ sài.",3_vanchuyen.txt,11499,0,0,0,0,0,0
11448,"Chỉ đơn thuần là lên cái xe bus mui trần ngồi, chạy 1 vòng 45 phút, không có người dẫn chương trình, giới thiệu các điểm đi qua gì cả, dịch vụ như vậy mà 150k là chưa đáng.",3_vanchuyen.txt,11500,0,0,0,0,0,0
11449,"Saigon Waterbus thực sự là Saigon River Tour với giá vé rất rẻ chưa tới 1 USD , chất lượng phục vụ rất tốt hiệu quả chuyến đi tuyệt vời trên cả mong đợi.",3_vanchuyen.txt,11501,0,0,0,0,0,0
11450,Thẻ rất dễ đổi tại các quầy Changi Recommends ở sân bay Changi. Mình mua 3 thẻ cho gia đình. Thẻ rất dễ sử dụng và rất tiện lợi.,3_vanchuyen.txt,11502,0,0,0,0,0,0
11451,"1 dịch vụ chán chưa từng có,lên ngồi đi 1 vòng Saigon vậy thôi",3_vanchuyen.txt,11503,0,0,0,0,0,0
11452,"Đặt qua Traveloka giá rẻ hơn so với đặt trực tiếp nhưng nhược điểm là không được tự do chọn chỗ nên đa phần vị trí cabin sẽ bị cho ở phía sau, cabin tầng 2 giường nằm thoải mái hơn tầng 1. Mình đi 2 lần các bác tài cũng lịch sự, đường đi hơi xấu và ngoằn ngèo hay bị dằn và dễ say xe.",3_vanchuyen.txt,11504,0,0,0,0,0,0
11453,"Du thuyền an toàn, hỗ trợ khách hàng dời lịch trình trong ngày.",3_vanchuyen.txt,11505,0,0,0,0,0,0
11454,Mọi thứ ok lắm. Chỉ có mỗi đèn chỗ ngủ không tắt được.,3_vanchuyen.txt,11506,0,0,0,0,0,0
11455,"Không có gì đặc sắc cả. Nói chung là vui, thú vị.",3_vanchuyen.txt,11507,0,0,0,0,0,0
11456,"Chất lượng bình thường, xe cũ, ghế không thoải mái, tài xế lúc tôi đi thì tốt nhưng lúc về thì gặp một ông tài xế và một đám khách nước ngoài khá là lắm lời, ngủ chả yên với họ.",3_vanchuyen.txt,11508,0,0,0,0,0,0
11457,"Mọi thứ đều ổn từ lúc đổi vé cho đến khi di chuyển. Chỉ 1 điều trong khoang ngồi khá nóng vì quạt điều hoà không được bật, rất ngộp. Thỉng thoảng phải di chuyển ra sau bus cho thoáng.",3_vanchuyen.txt,11509,0,0,0,0,0,0
11458,"Nhân viên phục vụ khá nhanh và nhiệt tình. Giá tốt, view đẹp. Nói chung là rất thích!",3_vanchuyen.txt,11510,0,0,0,0,0,0
11459,"Thẻ sử dụng tiện lợi. Nếu các bạn đi nhiều nên cân nhắc nạp 15 SGD hoặc 18 SGD. Vì khi mỗi lần nạp thêm phải nạp tối thiểu 10 SGD, không cho nạp ít hơn. Nên nạp tiền tại máy. Nạp tiền tại Changi Recommend sẽ bị tính thêm phí 0,8 SGD mỗi thẻ.",3_vanchuyen.txt,11511,0,0,0,0,0,0
11460,"Nhà xe rất sạch sẽ, đến nơi có quán ăn sáng luôn.",3_vanchuyen.txt,11512,0,0,0,0,0,0
11461,"Mọi thứ đều ổn, 1 điểm trừ là trong khoang rất nóng ngộp vì không được bật quạt hay điều hoà đã có sẵn.",3_vanchuyen.txt,11513,0,0,0,0,0,0
11462,"Đặt thẻ nhầm ngày, nhờ nhân viên thay đổi ngày giúp nhưng không được. Ok mình tìm cách khác giải quyết. Mình không hài lòng khi mình yêu cầu nhân viên cung cấp thêm thông tin thì nhân viên không trả lời ngay trọng tâm câu hỏi hoặc trả lời thiếu ý sau đó còn có ý nhắc nhở mình nên đọc thông thông tin mô tả của sản phẩm. Mình đã đọc trước khi hỏi những câu đó. Thái độ nhân viên làm mình chưa thật sự hài lòng.",3_vanchuyen.txt,11514,0,0,0,0,0,0
11463,"Xe sạch sẽ, có 2 lần nghỉ chân và có sẵn dép cho khách, rất tiện ích.",3_vanchuyen.txt,11515,0,0,0,0,0,0
11464,"Thẻ đi tiện lợi, thanh toán được ở một vài cửa hàng tiện lợi như Cheers, Koi Thé, McDonald s. Mỗi lần top up SGD 10 lận, nhưng lúc quẹt thẻ ra vô trạm nên đợi người trước quẹt xong hiện mũi tên xanh hẳn quẹt, không lại báo card fail chạy đi kiếm nhân viên trạm MRT cũng hơi mệt.",3_vanchuyen.txt,11516,0,0,0,0,0,0
11465,"Rất dễ tìm quầy Changi Recommended. Giao dịch nhanh chóng, xuất trình mã đặt thế là xong.",3_vanchuyen.txt,11517,0,0,0,0,0,0
11466,"Chỉ có thể nói là tuyệt vời, nhận thẻ nhanh chóng, dễ dàng.",3_vanchuyen.txt,11518,0,0,0,0,0,0
11467,"Tôi có trải nghiệm thú vị với InterBus Lines, xe sạch sẽ, tài xế thân thiện, các trạm dừng chân sạch sẽ, không có hiện tượng chặt chém khách hàng.",3_vanchuyen.txt,11519,0,0,0,0,0,0
11468,Thẻ mua và nhận thuận tiện. Nhờ có thẻ mà rất thuận tiện trong việc du lịch Singapore.,3_vanchuyen.txt,11520,0,0,0,0,0,0
11469,Rất dễ dùng. Vừa rẻ vừa tiện. Bị cái cái hình trên thẻ không được đẹp nhưng thôi cũng không quan trọng mấy. Mình dán hình khác lên cũng được.,3_vanchuyen.txt,11521,0,0,0,0,0,0
11470,"Đổi ngay tại sân bay nhanh gọn, nếu có được hỏi top up 28 cho 3 ngày unlimited thì đừng nên top up tại thật sự dùng không hết hơi uổng tiền.",3_vanchuyen.txt,11522,0,0,0,0,0,0
11471,"Voucher dễ đổi, rất cần khi đi du lịch ở Singapore.",3_vanchuyen.txt,11523,0,0,0,0,0,0
11472,"Dễ sử dụng, tìm quầy phát thẻ nhanh chóng, dễ dàng.",3_vanchuyen.txt,11524,0,0,0,0,0,0
11473,Trải nghiệm Singapore với thẻ EZ Link quả thực là cực kỳ thuận tiện. Việc di chuyển bằng thẻ nhanh chóng tiện lợi giúp chuyến đi thêm thú vị.,3_vanchuyen.txt,11525,0,0,0,0,0,0
11474,"Đón ở sân bay thêm phí 40.000 VND, nếu ra văn phòng ở 110 Trần Nhật Duật thì đón xe bus số 86 với giá 35.000 VND hoặc xe số 17 với giá 9.000 VND xuống ở trạm trung chuyển Long Biên rồi đi tay phải một đoạn nữa thì sẽ thấy văn phòng nằm bên tay phải, đối diện con đường gốm sứ. Văn phòng hơi nhỏ nên phải để ý mới thấy được.",3_vanchuyen.txt,11526,0,0,0,0,0,0
11475,"Traveloka hỗ trợ nhiệt tình. Xe mới và rất đẹp. Xe đi êm, cẩn thận. Tuy nhiên nếu nằm giường dưới thì rất ổn chứ giường trên thì hơi cao nên hay bị đụng nóc xe, rất bất tiện.",3_vanchuyen.txt,11527,0,0,0,0,0,0
11476,Đi Singapore có thẻ này rất tiện. Dịch vụ tuyệt vời.,3_vanchuyen.txt,11528,0,0,0,0,0,0
11477,"Tàu đi êm, không làm hành khách có cảm giác say. Nhân viên hướng dẫn nhiệt tình, có phục vụ bánh nước.",3_vanchuyen.txt,11529,0,0,0,0,0,0
11478,"Ngồi trên buýt sông ngắm cảnh Sài Gòn rất đẹp. Xe sạch sẽ, lịch sự.",3_vanchuyen.txt,11530,0,0,0,0,0,0
11479,"Tàu chạy rất êm và đúng giờ, phục vụ rất nhiệt tình.",3_vanchuyen.txt,11531,0,0,0,0,0,0
11480,Nhìn ngắm Sài Gòn trên sông mang lại trải nghiệm hoàn toàn mới lạ về Sài Gòn.,3_vanchuyen.txt,11532,0,0,0,0,0,0
11481,Xe đưa đón đúng giờ. Chất lượng OK. Xe đi êm không xóc.,3_vanchuyen.txt,11533,0,0,0,0,0,0
11482,"Nên đặt suất 8 15 để xem cầu Rồng phun, tàu sẽ khởi hành lúc 8 0, vé kèm nước và dĩa trái cây nhỏ, đồ ăn thức uống gọi thêm cũng không đắt. Nhân viên trên tàu rất dễ thương và nhiệt tình. Gió sông khá lạnh nên đem theo áo khoác nhé.",3_vanchuyen.txt,11534,0,0,0,0,0,0
11483,"Tiện lợi đi lại, lấy thẻ dễ dàng. Trải nghiệm tuyệt vời tại Singapore.",3_vanchuyen.txt,11535,0,0,0,0,0,0
11484,"Tuy lúc đặt vé xe có chút vấn đề nhưng được Traveloka và nhà xe kịp thời giải quyết, rất hài lòng ạ. Cả xe và khách sạn đều đặt qua Traveloka rất yên tâm.",3_vanchuyen.txt,11536,0,0,0,0,0,0
11485,"EZ Link Card thật sự rất tiện lợi. Thẻ dùng để đi tàu điện ngầm, xe buýt hoặc dùng để mua nước uống tại các quầy tự động.",3_vanchuyen.txt,11537,0,0,0,0,0,0
11486,"EZ Link của Traveloka rẻ hơn so với mua tại chỗ khoảng 40.000 VND, tuy nhiên nếu bạn muốn mua thẻ để làm kỉ niệm thì sang đó hẵng mua vì mỗi đợt EZ Link sẽ có in những hình ảnh kỉ niệm khác nhau rất dễ thương, còn thẻ này thì chỉ có logo Singapore Recommend.",3_vanchuyen.txt,11538,0,0,0,0,0,0
11487,"Đổi thẻ ngay tại Terminal 1 khi bay Flyscoot, quầy đổi rất dễ tìm thấy. Rất tiện lợi cho việc di chuyển bằng buýt hay MRT, nạp tiền tự động bằng máy ngay tại điểm MRT rất dễ dàng.",3_vanchuyen.txt,11539,0,0,0,0,0,0
11488,Nhận EZ Link Card rất dễ dàng tại quầy Changi Recomends. Sẽ tiếp tục ủng hộ Traveloka.,3_vanchuyen.txt,11540,0,0,0,0,0,0
11489,"Đặt xe giường nằm đơn, nhưng lúc đi lại không đúng loại giường nằm.",3_vanchuyen.txt,11541,0,0,0,0,0,0
11490,Nên trải nghiệm. Một góc nhìn khác về Sài Gòn. Rẻ.,3_vanchuyen.txt,11542,0,0,0,0,0,0
11491,"Tàu kêu ồn, hơi ngột ngạt, hôi dầu Tầm nhìn cửa sổ ra hơi thấp Nhân viên dễ thương",3_vanchuyen.txt,11543,0,0,0,0,0,0
11492,Thẻ này trong tài khoản không biết còn bao nhiêu mà khi tôi chỉ mới đi có 1 ngày đã hết sạch rồi.,3_vanchuyen.txt,11544,0,0,0,0,0,0
11493,Văn phòng ở ngay trung tâm gần khách sạn mình ở nên rất tiện để di chuyển ra văn phòng để lấy vé giấy.,3_vanchuyen.txt,11545,0,0,0,0,0,0
11494,"Thẻ xài rất thích, cảm giác như người bản địa. Mọi người lên/xuống xe bus nhớ cà thẻ 2 lần nhé vì họ sẽ tính cước từ lúc mình lên cho đến khi mình xuống. Đừng như mình chỉ quẹt thẻ lúc lên, quên quẹt lúc xuống nên bị trừ phí cho cả chặng đường. Hèn gì mọi người bảo đi bus tiết kiệm lắm mà mình mới đi 2 lần thì hết tiền. Cái tật thiếu quan sát. Rút kinh nghiệm.",3_vanchuyen.txt,11546,0,0,0,0,0,0
11495,"Mình đặt vé trước khoảng 3 tuần. Vì say xe nên mình đặt giường đơn hạng C để chắc chắc được nằm đầu. Trước khi khởi hàng 1 ngày bên nhà xe nhắn tin hẹn điểm đón và giờ rất chuyên nghiệp. Lúc lấy vé mình được giường a1 và b1 luôn. Chiều đi thì xe có 3 hàng giường đơn, chiều về thì xe có 1 hàng giường đơn và 1 hàng giường đôi. Cảm giác xe chiều về rộng rãi hơn, lại được nằm sát người yêu cầm tay nhau cả chuyến nên cũng đỡ say.",3_vanchuyen.txt,11547,0,0,0,0,0,0
11496,"Xe mới, ghế ngồi rộng rãi, bác tài thân thiện, xe chạy đúng giờ. Nói chung dịch vụ tốt, đáng để thử.",3_vanchuyen.txt,11548,0,0,0,0,0,0
11497,"Chuyến đi khá tốt, xe đi êm ái. Tuy nhiên thời gian nghỉ hơi lâu và chuyến về xe có vẻ không đươc như chuyến đi.",3_vanchuyen.txt,11549,0,0,0,0,0,0
11498,Đúng thời gian. Nhân viên lịch sự. An toàn khi trang bị hoàn toàn áo phao mới.,3_vanchuyen.txt,11550,0,0,0,0,0,0
11499,Nhận thẻ dễ dàng ngay tại sân bay. Thẻ sử dụng được cho xe buýt và MRT.,3_vanchuyen.txt,11551,0,0,0,0,0,0
11500,"Rất tuyệt vời, nhận ngay tại sân bay, nhanh chóng, dễ sử dụng. Tuy nhiên mỗi lần phải nạp tối thiểu 10 SGD, không dùng hết có thể mua đồ ở cửa hàng tiện lợi như 7 Eleven.",3_vanchuyen.txt,11552,0,0,0,0,0,0
11501,"Xe khách rất tệ, ồn ào, liên tục phát đoạn quả ng cáo của xe làm hành khách không nghỉ ngơi được.",3_vanchuyen.txt,11553,0,0,0,0,0,0
11502,Một trải nghiệm rất đáng để thử nếu đi chơi ở Sài Gòn. Bạn mình từ Hà Nội vào nên mình dẫn đi rất thích. Mình book trước qua Traveloka nên cũng chủ động về mặt thời gian hơn chứ đến đó thấy mọi người xếp hàng mua cũng khá đông.,3_vanchuyen.txt,11554,0,0,0,0,0,0
11503,"Thẻ rất tiện ích, trước khi về ra quầy vé để lấy lại tiền dư trong thẻ.",3_vanchuyen.txt,11555,0,0,0,0,0,0
11504,"Mua vé dễ dàng lưu ý tới trước 30 phút, 8h tàu chạy mình 8h01phút tới bỏ luôn vé vì bảo vệ nói tàu chạy rồi, không được đi chuyến sau, làm phải ra cổng mua thêm vé chuyến sau.",3_vanchuyen.txt,11556,0,0,0,0,0,0
